name	principal_id	sid	type	type_desc	is_disabled	create_date	modify_date	default_database_name	default_language_name	credential_id	owning_principal_id	is_fixed_role	tenant_id
sa	1	01	S	SQL_LOGIN	0	2003-04-08T09:10:35.460	2026-10-03T18:23:23.390	master	us_english	\N	\N	0	\N
public	2	02	R	SERVER_ROLE	0	2009-04-13T12:59:06.030	2009-04-13T12:59:06.030	\N	\N	\N	1	0	\N
sysadmin	3	03	R	SERVER_ROLE	0	2009-04-13T12:59:06.030	2009-04-13T12:59:06.030	\N	\N	\N	1	1	\N
securityadmin	4	04	R	SERVER_ROLE	0	2009-04-13T12:59:06.030	2009-04-13T12:59:06.030	\N	\N	\N	1	1	\N
serveradmin	5	05	R	SERVER_ROLE	0	2009-04-13T12:59:06.030	2009-04-13T12:59:06.030	\N	\N	\N	1	1	\N
setupadmin	6	06	R	SERVER_ROLE	0	2009-04-13T12:59:06.030	2009-04-13T12:59:06.030	\N	\N	\N	1	1	\N
processadmin	7	07	R	SERVER_ROLE	0	2009-04-13T12:59:06.030	2009-04-13T12:59:06.030	\N	\N	\N	1	1	\N
diskadmin	8	08	R	SERVER_ROLE	0	2009-04-13T12:59:06.030	2009-04-13T12:59:06.030	\N	\N	\N	1	1	\N
dbcreator	9	09	R	SERVER_ROLE	0	2009-04-13T12:59:06.030	2009-04-13T12:59:06.030	\N	\N	\N	1	1	\N
bulkadmin	10	0A	R	SERVER_ROLE	0	2009-04-13T12:59:06.030	2009-04-13T12:59:06.030	\N	\N	\N	1	1	\N
##MS_ServerStateReader##	11	0B	R	SERVER_ROLE	0	2019-09-04T16:00:00	2019-09-04T16:00:00	\N	\N	\N	1	1	\N
##MS_ServerStateManager##	12	0C	R	SERVER_ROLE	0	2019-09-04T16:00:00	2019-09-04T16:00:00	\N	\N	\N	1	1	\N
##MS_DefinitionReader##	13	0D	R	SERVER_ROLE	0	2019-09-04T16:00:00	2019-09-04T16:00:00	\N	\N	\N	1	1	\N
##MS_DatabaseConnector##	14	0E	R	SERVER_ROLE	0	2020-09-04T16:00:00	2020-09-04T16:00:00	\N	\N	\N	1	1	0E000000-0000-0700-FFFF-FF5BCCFDD97A
##MS_DatabaseManager##	15	0F	R	SERVER_ROLE	0	2020-09-04T16:00:00	2020-09-04T16:00:00	\N	\N	\N	1	1	00000000-5500-FFB2-7F00-000000000000
##MS_LoginManager##	16	10	R	SERVER_ROLE	0	2020-09-04T16:00:00	2020-09-04T16:00:00	\N	\N	\N	1	1	00000000-5500-FFB2-7F00-000000000000
##MS_SecurityDefinitionReader##	17	11	R	SERVER_ROLE	0	2020-09-04T16:00:00	2020-09-04T16:00:00	\N	\N	\N	1	1	00000000-5500-FFB2-7F00-000000000000
##MS_PerformanceDefinitionReader##	18	12	R	SERVER_ROLE	0	2021-09-04T16:00:00	2021-09-04T16:00:00	\N	\N	\N	1	1	0E000000-0000-0700-FFFF-FF95A8E2E27A
##MS_ServerSecurityStateReader##	19	13	R	SERVER_ROLE	0	2021-09-04T16:00:00	2021-09-04T16:00:00	\N	\N	\N	1	1	00000000-5500-FFB2-7F00-000000000000
##MS_ServerPerformanceStateReader##	20	14	R	SERVER_ROLE	0	2021-09-04T16:00:00	2021-09-04T16:00:00	\N	\N	\N	1	1	00000000-5500-FFB2-7F00-000000000000
##MS_SQLResourceSigningCertificate##	101	010600000000000901000000021F9F14C39A51F06EFE36600DF62FF068B88F76	C	CERTIFICATE_MAPPED_LOGIN	0	2026-08-27T10:23:44.553	2026-08-27T10:23:44.553	master	\N	\N	\N	0	00000000-0000-0000-0000-000000000000
##MS_SQLReplicationSigningCertificate##	102	010600000000000901000000A4D674518E11CFE1B14A6F35A62CF8DD5D971B89	C	CERTIFICATE_MAPPED_LOGIN	0	2026-08-27T10:23:44.553	2026-08-27T10:23:44.553	master	\N	\N	\N	0	00000000-0000-0000-0000-000000000000
##MS_SQLAuthenticatorCertificate##	103	010600000000000901000000F0EAA260D4C81104ED1E9196B0CA4DAEB8239F88	C	CERTIFICATE_MAPPED_LOGIN	0	2026-08-27T10:23:44.553	2026-08-27T10:23:44.553	master	\N	\N	\N	0	00000000-0000-0000-0000-000000000000
##MS_PolicySigningCertificate##	105	010600000000000901000000EFB20FEBFE1C0C0687D15B466A1BA6FDD59468EA	C	CERTIFICATE_MAPPED_LOGIN	0	2026-08-27T10:23:44.553	2026-08-27T10:23:44.553	master	\N	\N	\N	0	00000000-0000-0000-0000-000000000000
##MS_SmoExtendedSigningCertificate##	106	01060000000000090100000004E883F18587A68EC15981104EB7BB50EED3B7BC	C	CERTIFICATE_MAPPED_LOGIN	0	2026-08-27T10:23:44.557	2026-08-27T10:23:44.557	master	\N	\N	\N	0	00000000-0000-0000-0000-000000000000
##MS_PolicyEventProcessingLogin##	256	185A11EFE95F8F4C83800B4AA5EE485A	S	SQL_LOGIN	1	2026-08-27T10:25:10.327	2026-10-03T18:23:21.363	master	us_english	\N	\N	0	00000000-0000-0000-0000-000000000000
##MS_PolicyTsqlExecutionLogin##	257	2F8488153E8A4A4CAD9422BB4483F964	S	SQL_LOGIN	1	2026-08-27T10:25:10.463	2026-10-03T18:23:21.363	master	us_english	\N	\N	0	00000000-0000-0000-0000-000000000000
##MS_AgentSigningCertificate##	258	0106000000000009010000002952AD4B3B6514BADDA973CC1C762EE747C9AF87	C	CERTIFICATE_MAPPED_LOGIN	0	2026-08-27T10:25:15.677	2026-08-27T10:25:15.683	master	us_english	\N	\N	0	00000000-0000-0000-0000-000000000000
BUILTIN\\Administrators	259	01020000000000052000000020020000	G	WINDOWS_GROUP	0	2026-08-27T10:26:21.480	2026-08-27T10:26:21.490	master	us_english	\N	\N	0	00000000-0000-0000-0000-000000000000
NT AUTHORITY\\NETWORK SERVICE	260	010100000000000514000000	U	WINDOWS_LOGIN	0	2026-10-03T18:23:23.393	2026-10-03T18:23:23.403	master	us_english	\N	\N	0	00000000-0000-0000-0000-000000000000
NT AUTHORITY\\SYSTEM	261	010100000000000512000000	U	WINDOWS_LOGIN	0	2026-10-03T18:23:23.393	2026-10-03T18:23:23.400	master	us_english	\N	\N	0	00000000-0000-0000-0000-000000000000
